antecedents,consequents,antecedent support,consequent support,support,confidence,lift,representativity,leverage,conviction,zhangs_metric,jaccard,certainty,kulczynski
"unknown, computers.components.videocards, computers.components.motherboard","computers.components.power_supply, computers.components.cpu",0.014653390944955852,0.0187863986473793,0.011083975201953785,0.7564102564102564,40.26371794871795,1.0,0.010808690758125947,4.028140047658127,0.9896657026061948,0.495798319327731,0.751746466565536,0.6732051282051281
"computers.components.power_supply, computers.components.cpu","unknown, computers.components.videocards, computers.components.motherboard",0.0187863986473793,0.014653390944955852,0.011083975201953785,0.59,40.26371794871795,1.0,0.010808690758125947,2.4032844123293757,0.9938343117307087,0.495798319327731,0.5839027645376549,0.6732051282051281
"computers.components.power_supply, computers.components.motherboard","computers.components.cpu, unknown, computers.components.videocards",0.0187863986473793,0.015592710877324816,0.011083975201953785,0.59,37.83819277108434,1.0,0.010791044319419033,2.4009933881040855,0.9922117621861583,0.4758064516129031,0.5835057251908397,0.6504216867469879
"computers.components.cpu, unknown, computers.components.videocards","computers.components.power_supply, computers.components.motherboard",0.015592710877324816,0.0187863986473793,0.011083975201953785,0.7108433734939759,37.83819277108433,1.0,0.010791044319419033,3.393363704677813,0.9889927545607451,0.4758064516129031,0.7053071562528113,0.6504216867469879
"computers.components.cpu, computers.components.videocards, computers.components.motherboard","computers.components.power_supply, unknown",0.019913582566222054,0.015592710877324816,0.011083975201953785,0.5566037735849056,35.69640827460787,1.0,0.010773468466466948,2.220152609510714,0.9917349733433397,0.45384615384615373,0.5495805127466513,0.6337235735394408
"computers.components.power_supply, unknown","computers.components.cpu, computers.components.videocards, computers.components.motherboard",0.015592710877324816,0.019913582566222054,0.011083975201953785,0.7108433734939759,35.69640827460786,1.0,0.010773468466466948,3.3894655269584817,0.9873819381550006,0.45384615384615373,0.7049682340633379,0.6337235735394408
"computers.components.power_supply, computers.components.cpu, computers.components.videocards","unknown, computers.components.motherboard",0.014841254931429645,0.02216795040390757,0.011083975201953785,0.7468354430379747,33.68987341772152,1.0,0.010754974998702104,3.8624365959045646,0.984935163996949,0.4275362318840579,0.7410960736390276,0.6234177215189873
"unknown, computers.components.motherboard","computers.components.power_supply, computers.components.cpu, computers.components.videocards",0.02216795040390757,0.014841254931429645,0.011083975201953785,0.5,33.68987341772152,1.0,0.010754974998702104,1.9703174901371407,0.9923150816522575,0.4275362318840579,0.49246758199847446,0.6234177215189873
"computers.components.power_supply, computers.components.cpu, unknown","computers.components.videocards, computers.components.motherboard",0.014465526958482059,0.02329513432275033,0.011083975201953785,0.7662337662337662,32.89243820695433,1.0,0.010746998808406578,4.178126369841567,0.9838294875191428,0.4154929577464788,0.7606582684482279,0.6210201089233347
"computers.components.videocards, computers.components.motherboard","computers.components.power_supply, computers.components.cpu, unknown",0.02329513432275033,0.014465526958482059,0.011083975201953785,0.4758064516129032,32.89243820695433,1.0,0.010746998808406578,1.880096533186896,0.9927235028900603,0.4154929577464788,0.46811241744862436,0.6210201089233347
"computers.components.power_supply, computers.components.cpu","unknown, computers.components.motherboard",0.0187863986473793,0.02216795040390757,0.013526207026113094,0.72,32.479322033898306,1.0,0.013109751072629953,3.492257319986044,0.9877677792669177,0.493150684931507,0.7136522574447646,0.6650847457627118
"unknown, computers.components.motherboard","computers.components.power_supply, computers.components.cpu",0.02216795040390757,0.0187863986473793,0.013526207026113094,0.6101694915254238,32.479322033898306,1.0,0.013109751072629953,2.517026194774114,0.9911836908955065,0.493150684931507,0.6027057636204922,0.6650847457627118
"computers.components.power_supply, computers.components.videocards, computers.components.motherboard","computers.components.cpu, unknown",0.014465526958482059,0.023670862295697915,0.011083975201953785,0.7662337662337662,32.37033601319315,1.0,0.01074156370528485,4.176519089068402,0.9833319332889627,0.40972222222222215,0.7605661607970632,0.6172438672438672
"computers.components.cpu, unknown","computers.components.power_supply, computers.components.videocards, computers.components.motherboard",0.023670862295697915,0.014465526958482059,0.011083975201953785,0.4682539682539682,32.37033601319315,1.0,0.01074156370528485,1.8533931881079289,0.9926032945995571,0.40972222222222215,0.46044907987340306,0.6172438672438672
"computers.components.power_supply, computers.components.cpu, computers.components.motherboard","unknown, computers.components.videocards",0.01634416682321999,0.021228630471538605,0.011083975201953785,0.6781609195402298,31.945580307191538,1.0,0.010737010924098466,3.0411824696062904,0.984792376118398,0.4184397163120566,0.6711805325744037,0.6001424066727699
"unknown, computers.components.videocards","computers.components.power_supply, computers.components.cpu, computers.components.motherboard",0.021228630471538605,0.01634416682321999,0.011083975201953785,0.5221238938053098,31.945580307191538,1.0,0.010737010924098466,2.0583909101662248,0.9897068870164937,0.4184397163120566,0.5141836300087211,0.6001424066727699
"computers.components.power_supply, unknown","computers.components.videocards, computers.components.motherboard",0.015592710877324816,0.02329513432275033,0.011459703174901371,0.7349397590361446,31.549067236688693,1.0,0.011096468880558279,3.684841084145988,0.983640971092479,0.41780821917808225,0.7286178760048851,0.6134376214535562
"computers.components.videocards, computers.components.motherboard","computers.components.power_supply, unknown",0.02329513432275033,0.015592710877324816,0.011459703174901371,0.49193548387096775,31.549067236688693,1.0,0.011096468880558279,1.9375635531938369,0.9913980935804174,0.41780821917808225,0.48388789706968727,0.6134376214535562
"computers.components.power_supply, computers.components.motherboard","computers.components.cpu, unknown",0.0187863986473793,0.023670862295697915,0.013526207026113094,0.72,30.417142857142856,1.0,0.013081516770698893,3.486889777515364,0.9856404365307295,0.46753246753246763,0.7132114681547046,0.6457142857142857
"computers.components.cpu, unknown","computers.components.power_supply, computers.components.motherboard",0.023670862295697915,0.0187863986473793,0.013526207026113094,0.5714285714285714,30.417142857142853,1.0,0.013081516770698893,2.2894984031561147,0.9905714835482009,0.46753246753246763,0.5632231065889882,0.6457142857142857
"computers.components.power_supply, computers.components.cpu","computers.components.videocards, computers.components.motherboard",0.0187863986473793,0.02329513432275033,0.012962615066691715,0.69,29.619919354838707,1.0,0.012524983386760278,3.1506608570233854,0.9847386281969105,0.4451612903225806,0.6826062704366224,0.6232258064516129
"computers.components.videocards, computers.components.motherboard","computers.components.power_supply, computers.components.cpu",0.02329513432275033,0.0187863986473793,0.012962615066691715,0.5564516129032258,29.619919354838704,1.0,0.012524983386760278,2.2121906648677263,0.9892844499081485,0.4451612903225806,0.5479593979482809,0.6232258064516129
"computers.components.power_supply, computers.components.cpu","unknown, computers.components.videocards",0.0187863986473793,0.021228630471538605,0.011647567161375164,0.62,29.205840707964605,1.0,0.011248757646598936,2.5757141303380564,0.9842508013562838,0.4105960264900662,0.6117581573896353,0.5843362831858407
"unknown, computers.components.videocards","computers.components.power_supply, computers.components.cpu",0.021228630471538605,0.0187863986473793,0.011647567161375164,0.5486725663716814,29.205840707964597,1.0,0.011248757646598936,2.174061508879336,0.9867067054671537,0.4105960264900662,0.5400314131335363,0.5843362831858407
"computers.components.cpu, computers.components.videocards","computers.components.power_supply, unknown, computers.components.motherboard",0.02705241405222619,0.014089798985534472,0.011083975201953785,0.4097222222222222,29.079351851851854,1.0,0.01070281212588447,1.670247869953918,0.9924597707168127,0.36874999999999997,0.40128646891937664,0.5981944444444445
"computers.components.power_supply, unknown, computers.components.motherboard","computers.components.cpu, computers.components.videocards",0.014089798985534472,0.02705241405222619,0.011083975201953785,0.7866666666666666,29.07935185185185,1.0,0.01070281212588447,4.560691809130189,0.9794110427862753,0.36874999999999997,0.7807350196305592,0.5981944444444445
"unknown, computers.components.videocards","computers.components.power_supply, computers.components.motherboard",0.021228630471538605,0.0187863986473793,0.011459703174901371,0.5398230088495576,28.73477876106195,1.0,0.011060893660125143,2.13225263370858,0.9861332242534847,0.40131578947368424,0.5310124212341939,0.5749115044247788
"computers.components.power_supply, computers.components.motherboard","unknown, computers.components.videocards",0.0187863986473793,0.021228630471538605,0.011459703174901371,0.61,28.734778761061946,1.0,0.011060893660125143,2.5096701782781063,0.9836787475321952,0.40131578947368424,0.6015412667946257,0.5749115044247788
"computers.components.power_supply, computers.components.videocards","computers.components.cpu, unknown, computers.components.motherboard",0.019537854593274468,0.019913582566222054,0.011083975201953785,0.5673076923076923,28.488479680696663,1.0,0.010694906521343773,2.2650886091802866,0.9841257985002647,0.39072847682119205,0.5585161675587208,0.561955732946299
"computers.components.cpu, unknown, computers.components.motherboard","computers.components.power_supply, computers.components.videocards",0.019913582566222054,0.019537854593274468,0.011083975201953785,0.5566037735849056,28.488479680696663,1.0,0.010694906521343773,2.2112550513428277,0.9845030750187619,0.39072847682119205,0.5477681331275058,0.561955732946299
"computers.components.power_supply, unknown","computers.components.cpu, computers.components.videocards",0.015592710877324816,0.02705241405222619,0.011647567161375164,0.746987951807229,27.612617135207497,1.0,0.011225746690525121,3.845459506365012,0.9790507264220635,0.37575757575757573,0.7399530541552192,0.5887717536813922
"computers.components.cpu, computers.components.videocards","computers.components.power_supply, unknown",0.02705241405222619,0.015592710877324816,0.011647567161375164,0.4305555555555555,27.612617135207497,1.0,0.011225746690525121,1.7287152394349419,0.9905823144335996,0.37575757575757573,0.42153572943172174,0.5887717536813922
"computers.components.power_supply, computers.components.videocards","unknown, computers.components.motherboard",0.019537854593274468,0.02216795040390757,0.011459703174901371,0.5865384615384616,26.45884941329857,1.0,0.011026588983278905,2.364989143209154,0.9813795118089955,0.3788819875776398,0.5771650779575852,0.5517438070404173
"unknown, computers.components.motherboard","computers.components.power_supply, computers.components.videocards",0.02216795040390757,0.019537854593274468,0.011459703174901371,0.516949152542373,26.45884941329857,1.0,0.011026588983278905,2.029728651894625,0.9840191493047354,0.3788819875776398,0.5073233069521079,0.5517438070404173
"computers.components.power_supply, unknown, computers.components.videocards","computers.components.cpu, computers.components.motherboard",0.012211159120796544,0.034942701484125496,0.011083975201953785,0.9076923076923076,25.976592224979317,1.0,0.010657284314020635,10.454787400588627,0.9733900239183553,0.3072916666666666,0.9043500396819454,0.6124483043837882
"computers.components.cpu, computers.components.motherboard","computers.components.power_supply, unknown, computers.components.videocards",0.034942701484125496,0.012211159120796544,0.011083975201953785,0.31720430107526876,25.976592224979317,1.0,0.010657284314020635,1.4466828693191482,0.996317840327567,0.3072916666666666,0.30876350221066096,0.6124483043837882
"computers.components.power_supply, computers.components.motherboard","computers.components.cpu, computers.components.videocards",0.0187863986473793,0.02705241405222619,0.012962615066691715,0.69,25.506041666666665,1.0,0.012454397631932628,3.138540599831528,0.9791890384503327,0.39428571428571424,0.6813805754006564,0.5845833333333332
"computers.components.cpu, computers.components.videocards","computers.components.power_supply, computers.components.motherboard",0.02705241405222619,0.0187863986473793,0.012962615066691715,0.47916666666666663,25.50604166666666,1.0,0.012454397631932628,1.8839301145970315,0.9875080802908065,0.39428571428571424,0.46919474759078433,0.5845833333333332
"computers.components.videocards, computers.components.motherboard","computers.components.cpu, unknown",0.02329513432275033,0.023670862295697915,0.013901934999060681,0.5967741935483871,25.211341525857655,1.0,0.013350519082347072,2.421296261506669,0.9832400201701991,0.4204545454545454,0.586998082020024,0.5920378904249872
"computers.components.cpu, unknown","computers.components.videocards, computers.components.motherboard",0.023670862295697915,0.02329513432275033,0.013901934999060681,0.5873015873015873,25.211341525857655,1.0,0.013350519082347072,2.3666310206794896,0.9836184077092294,0.4204545454545454,0.5774584245444027,0.5920378904249872
"computers.components.power_supply, computers.components.videocards","computers.components.cpu, unknown",0.019537854593274468,0.023670862295697915,0.011647567161375164,0.5961538461538461,25.18513431013431,1.0,0.011185089295744395,2.4175769124106528,0.9794299983311596,0.36904761904761907,0.5863626944539009,0.5441086691086691
"computers.components.cpu, unknown","computers.components.power_supply, computers.components.videocards",0.023670862295697915,0.019537854593274468,0.011647567161375164,0.49206349206349204,25.18513431013431,1.0,0.011185089295744395,1.930284848769491,0.98357613263235,0.36904761904761907,0.48194174521057065,0.5441086691086691
"computers.components.cpu, computers.components.motherboard","computers.components.power_supply, unknown",0.034942701484125496,0.015592710877324816,0.013526207026113094,0.3870967741935484,24.825495530509134,1.0,0.012981355584598456,1.6061382085685751,0.9944682369735902,0.36548223350253806,0.3773885742427973,0.6272833268558103
"computers.components.power_supply, unknown","computers.components.cpu, computers.components.motherboard",0.015592710877324816,0.034942701484125496,0.013526207026113094,0.8674698795180723,24.82549553050913,1.0,0.012981355584598456,7.28179597971069,0.9749204834605598,0.36548223350253806,0.8626712417120301,0.6272833268558103
"computers.components.cpu, unknown, computers.components.videocards, computers.components.motherboard",computers.components.power_supply,0.013901934999060681,0.03250046965996618,0.011083975201953785,0.7972972972972971,24.531870020309324,1.0,0.010632155785301991,4.772997683010829,0.9727599445899299,0.31382978723404253,0.7904880608764102,0.5691688798625214
computers.components.power_supply,"computers.components.cpu, unknown, computers.components.videocards, computers.components.motherboard",0.03250046965996618,0.013901934999060681,0.011083975201953785,0.34104046242774566,24.531870020309324,1.0,0.010632155785301991,1.496447063554057,0.9914596017771926,0.31382978723404253,0.33175050133413797,0.5691688798625214
"unknown, computers.components.videocards, computers.components.motherboard",computers.components.power_supply,0.014653390944955852,0.03250046965996618,0.011459703174901371,0.782051282051282,24.06276863791315,1.0,0.01098346108707921,4.439115492148391,0.9726953070058917,0.32105263157894737,0.7747298979337814,0.5673262190603231
computers.components.power_supply,"unknown, computers.components.videocards, computers.components.motherboard",0.03250046965996618,0.014653390944955852,0.011459703174901371,0.35260115606936415,24.062768637913145,1.0,0.01098346108707921,1.5220086014868093,0.9906382301448353,0.32105263157894737,0.34297348975352243,0.5673262190603231
"unknown, computers.components.motherboard","computers.components.cpu, computers.components.videocards",0.02216795040390757,0.02705241405222619,0.013901934999060681,0.6271186440677967,23.181614877589457,1.0,0.013302238426044959,2.609268525950849,0.9785549237998806,0.39361702127659576,0.6167508288034141,0.5705037664783428
"computers.components.cpu, computers.components.videocards","unknown, computers.components.motherboard",0.02705241405222619,0.02216795040390757,0.013901934999060681,0.513888888888889,23.181614877589457,1.0,0.013302238426044959,2.011540216311962,0.9834675378216603,0.39361702127659576,0.5028685025082721,0.5705037664783428
"computers.components.cpu, unknown, computers.components.videocards",computers.components.power_supply,0.015592710877324816,0.03250046965996618,0.011647567161375164,0.746987951807229,22.98391252872763,1.0,0.011140796734590045,3.823926715153468,0.9716418369859641,0.31958762886597936,0.7384887121300737,0.5526847273487012
computers.components.power_supply,"computers.components.cpu, unknown, computers.components.videocards",0.03250046965996618,0.015592710877324816,0.011647567161375164,0.3583815028901734,22.98391252872763,1.0,0.011140796734590045,1.5342564055695747,0.9886219855934858,0.31958762886597936,0.34821846180999866,0.5526847273487012
"computers.components.cpu, unknown, computers.components.motherboard",computers.components.power_supply,0.019913582566222054,0.03250046965996618,0.013526207026113094,0.679245283018868,20.899552841094998,1.0,0.012879006240098363,3.016322065177753,0.9714980938385193,0.3478260869565218,0.6684704158270747,0.547715127058567
computers.components.power_supply,"computers.components.cpu, unknown, computers.components.motherboard",0.03250046965996618,0.019913582566222054,0.013526207026113094,0.4161849710982659,20.899552841094994,1.0,0.012879006240098363,1.6787618833271643,0.9841370010787488,0.3478260869565218,0.4043229061062046,0.547715127058567
"computers.components.cpu, computers.components.videocards, computers.components.motherboard",computers.components.power_supply,0.019913582566222054,0.03250046965996618,0.012962615066691715,0.6509433962264151,20.028738139382703,1.0,0.012315414280676984,2.771755411244421,0.9693754809388482,0.3285714285714286,0.6392178054588752,0.5248936634311266
computers.components.power_supply,"computers.components.cpu, computers.components.videocards, computers.components.motherboard",0.03250046965996618,0.019913582566222054,0.012962615066691715,0.3988439306358382,20.028738139382703,1.0,0.012315414280676984,1.6303360597696501,0.9819867736034896,0.3285714285714286,0.3866295270796562,0.5248936634311266
"unknown, computers.components.motherboard",computers.components.power_supply,0.02216795040390757,0.03250046965996618,0.014089798985534472,0.635593220338983,19.5564318604879,1.0,0.01336933018600864,2.654998711165674,0.9703772014089017,0.34722222222222227,0.6233519828862926,0.5345596159498384
computers.components.power_supply,"unknown, computers.components.motherboard",0.03250046965996618,0.02216795040390757,0.014089798985534472,0.43352601156069365,19.5564318604879,1.0,0.01336933018600864,1.726172903878816,0.9807404530744337,0.34722222222222227,0.4206837578362291,0.5345596159498384
"computers.components.videocards, computers.components.motherboard",computers.components.power_supply,0.02329513432275033,0.03250046965996618,0.014465526958482059,0.6209677419354839,19.106423643483126,1.0,0.013708424152200674,2.552551952386472,0.9702640118104631,0.35,0.6082352020043846,0.533027223568898
computers.components.power_supply,"computers.components.videocards, computers.components.motherboard",0.03250046965996618,0.02329513432275033,0.014465526958482059,0.44508670520231214,19.106423643483126,1.0,0.013708424152200674,1.7601035600225439,0.9794956499810868,0.35,0.43185161219309626,0.533027223568898
"computers.components.power_supply, computers.components.videocards","computers.components.cpu, computers.components.motherboard",0.019537854593274468,0.034942701484125496,0.012962615066691715,0.6634615384615384,18.987127791563275,1.0,0.012279909645998675,2.867598829875741,0.96621041845431,0.31221719457013575,0.6512761863404262,0.5172146401985112
"computers.components.cpu, computers.components.motherboard","computers.components.power_supply, computers.components.videocards",0.034942701484125496,0.019537854593274468,0.012962615066691715,0.3709677419354838,18.987127791563275,1.0,0.012279909645998675,1.558683410646589,0.98163367216528,0.31221719457013575,0.3584328971685343,0.5172146401985112
"computers.components.cpu, unknown",computers.components.power_supply,0.023670862295697915,0.03250046965996618,0.014465526958482059,0.611111111111111,18.80314707771355,1.0,0.013696212816615492,2.4878559351600864,0.9697727710042507,0.34684684684684686,0.5980474649406687,0.5280989081567116
computers.components.power_supply,"computers.components.cpu, unknown",0.03250046965996618,0.023670862295697915,0.014465526958482059,0.44508670520231214,18.80314707771355,1.0,0.013696212816615492,1.7594264669046278,0.9786231244483672,0.34684684684684686,0.4316329674411983,0.5280989081567116
"computers.components.cpu, computers.components.motherboard","unknown, computers.components.videocards",0.034942701484125496,0.021228630471538605,0.013901934999060681,0.3978494623655914,18.741174231611,1.0,0.013160149301576897,1.625459595824052,0.9809174562921886,0.3288888888888889,0.3847893835263038,0.5263583595013798
"unknown, computers.components.videocards","computers.components.cpu, computers.components.motherboard",0.021228630471538605,0.034942701484125496,0.013901934999060681,0.6548672566371682,18.741174231610998,1.0,0.013160149301576897,2.796191659802406,0.9671733153498988,0.3288888888888889,0.6423707235895749,0.5263583595013798
computers.components.power_supply,"unknown, computers.components.videocards",0.03250046965996618,0.021228630471538605,0.012211159120796544,0.3757225433526012,17.698859276689348,1.0,0.01152121866023367,1.5678467308187394,0.975193427931292,0.2941176470588236,0.3621825524502679,0.4754718911453272
"unknown, computers.components.videocards",computers.components.power_supply,0.021228630471538605,0.03250046965996618,0.012211159120796544,0.5752212389380531,17.698859276689344,1.0,0.01152121866023367,2.277655144342163,0.9639627934445593,0.2941176470588236,0.5609519718188848,0.4754718911453272
computers.components.power_supply,"computers.components.cpu, computers.components.videocards",0.03250046965996618,0.02705241405222619,0.014841254931429645,0.4566473988439307,16.880097944765577,1.0,0.013962038769296425,1.7906375783932436,0.972360820941379,0.3319327731092437,0.44153969956482775,0.5026292549775209
"computers.components.cpu, computers.components.videocards",computers.components.power_supply,0.02705241405222619,0.03250046965996618,0.014841254931429645,0.548611111111111,16.880097944765573,1.0,0.013962038769296425,2.1433835749071513,0.9669160509457619,0.3319327731092437,0.533447950377562,0.5026292549775209
computers.components.power_supply,"computers.components.cpu, computers.components.motherboard",0.03250046965996618,0.034942701484125496,0.01634416682321999,0.5028901734104047,14.391851575610666,1.0,0.015208512613797912,1.9413361935261197,0.9617743555406761,0.31985294117647056,0.4848908688073942,0.48531605444713777
"computers.components.cpu, computers.components.motherboard",computers.components.power_supply,0.034942701484125496,0.03250046965996618,0.01634416682321999,0.46774193548387094,14.391851575610666,1.0,0.015208512613797912,1.8177263903358212,0.9642082793526343,0.31985294117647056,0.44986219855934856,0.48531605444713777
"computers.components.power_supply, computers.components.cpu, unknown, computers.components.videocards",computers.components.motherboard,0.011647567161375164,0.0695096749953034,0.011083975201953785,0.9516129032258064,13.690366172624236,1.0,0.010274356594080629,19.23013338343037,0.9378799545101627,0.1581769436997319,0.9479982806119458,0.5555361813426329
computers.components.motherboard,"computers.components.power_supply, computers.components.cpu, unknown, computers.components.videocards",0.0695096749953034,0.011647567161375164,0.011083975201953785,0.15945945945945944,13.690366172624236,1.0,0.010274356594080629,1.175853376689039,0.9962015830159431,0.1581769436997319,0.14955383058405297,0.5555361813426329
"computers.components.power_supply, unknown, computers.components.videocards, computers.components.motherboard",computers.components.cpu,0.011459703174901371,0.07157617884651513,0.011083975201953785,0.9672131147540983,13.513058818467362,1.0,0.010263733437979067,28.316926545181257,0.9367321827751258,0.1540469973890339,0.9646854329898958,0.5610343788993588
computers.components.cpu,"computers.components.power_supply, unknown, computers.components.videocards, computers.components.motherboard",0.07157617884651513,0.011459703174901371,0.011083975201953785,0.1548556430446194,13.513058818467362,1.0,0.010263733437979067,1.1696703512123061,0.9973866341081974,0.1540469973890339,0.14505826452423207,0.5610343788993588
"computers.components.power_supply, unknown, computers.components.videocards",computers.components.motherboard,0.012211159120796544,0.0695096749953034,0.011459703174901371,0.9384615384615383,13.50116424116424,1.0,0.010610909473098869,15.120467781326292,0.937378795153677,0.16310160427807488,0.9338644799577567,0.5516632016632016
computers.components.motherboard,"computers.components.power_supply, unknown, computers.components.videocards",0.0695096749953034,0.012211159120796544,0.011459703174901371,0.16486486486486485,13.50116424116424,1.0,0.010610909473098869,1.1827892269427356,0.9951014950369539,0.16310160427807488,0.15454082839020075,0.5516632016632016
"computers.components.power_supply, computers.components.cpu, unknown",computers.components.motherboard,0.014465526958482059,0.0695096749953034,0.013526207026113094,0.9350649350649352,13.452299052299054,1.0,0.012520712948593207,14.329551005072348,0.9392500105900792,0.192,0.9302141428125681,0.5648297648297649
computers.components.motherboard,"computers.components.power_supply, computers.components.cpu, unknown",0.0695096749953034,0.014465526958482059,0.013526207026113094,0.1945945945945946,13.452299052299054,1.0,0.012520712948593207,1.2236501846488645,0.9948123471745519,0.192,0.18277297503374515,0.5648297648297649
"computers.components.power_supply, unknown, computers.components.motherboard",computers.components.cpu,0.014089798985534472,0.07157617884651513,0.013526207026113094,0.9600000000000001,13.41228346456693,1.0,0.012517713054013032,23.210595528837164,0.9386671112804877,0.1875,0.9569162282476731,0.574488188976378
computers.components.cpu,"computers.components.power_supply, unknown, computers.components.motherboard",0.07157617884651513,0.014089798985534472,0.013526207026113094,0.1889763779527559,13.41228346456693,1.0,0.012517713054013032,1.2156368497945351,0.9967877377579927,0.1875,0.17738591079316304,0.574488188976378
"computers.components.power_supply, unknown, computers.components.videocards",computers.components.cpu,0.012211159120796544,0.07157617884651513,0.011647567161375164,0.9538461538461538,13.326307288512012,1.0,0.010773539052221776,20.11584945832548,0.9363949250911053,0.16145833333333331,0.9502879556703918,0.5582879063194024
computers.components.cpu,"computers.components.power_supply, unknown, computers.components.videocards",0.07157617884651513,0.012211159120796544,0.011647567161375164,0.16272965879265092,13.326307288512012,1.0,0.010773539052221776,1.1797728789184216,0.9962696309447657,0.16145833333333331,0.1523792266552455,0.5582879063194024
"unknown, computers.components.videocards, computers.components.motherboard",computers.components.cpu,0.014653390944955852,0.07157617884651513,0.013901934999060681,0.9487179487179488,13.254660475132917,1.0,0.012853101268076615,18.10426451249298,0.9383041764357303,0.19220779220779222,0.9447643951893244,0.5714718352513628
computers.components.cpu,"unknown, computers.components.videocards, computers.components.motherboard",0.07157617884651513,0.014653390944955852,0.013901934999060681,0.1942257217847769,13.254660475132916,1.0,0.012853101268076615,1.222856866612286,0.9958327408752338,0.19220779220779222,0.18224280592190037,0.5714718352513628
"computers.components.power_supply, unknown",computers.components.motherboard,0.015592710877324816,0.0695096749953034,0.014089798985534472,0.9036144578313253,12.999837186584175,1.0,0.013005954720155892,9.65383712192373,0.9376972010178117,0.1984126984126984,0.8964142457169685,0.553158580267014
computers.components.motherboard,"computers.components.power_supply, unknown",0.0695096749953034,0.015592710877324816,0.014089798985534472,0.2027027027027027,12.999837186584173,1.0,0.013005954720155892,1.234680328730135,0.9920317652601116,0.1984126984126984,0.19007375696306994,0.553158580267014
"computers.components.power_supply, unknown",computers.components.cpu,0.015592710877324816,0.07157617884651513,0.014465526958482059,0.927710843373494,12.961167504664326,1.0,0.013349460296024657,12.843196192623205,0.9374640626549023,0.19896640826873385,0.9221377618933849,0.5649052904531512
computers.components.cpu,"computers.components.power_supply, unknown",0.07157617884651513,0.015592710877324816,0.014465526958482059,0.20209973753280838,12.961167504664326,1.0,0.013349460296024657,1.233747293275458,0.9939926524305319,0.19896640826873385,0.189461241008996,0.5649052904531512
"computers.components.cpu, unknown, computers.components.videocards",computers.components.motherboard,0.015592710877324816,0.0695096749953034,0.013901934999060681,0.8915662650602411,12.826506024096387,1.0,0.0128180907336821,8.581188552821098,0.9366412213740458,0.19525065963060687,0.8834660264315896,0.5457831325301206
computers.components.motherboard,"computers.components.cpu, unknown, computers.components.videocards",0.0695096749953034,0.015592710877324816,0.013901934999060681,0.2,12.826506024096387,1.0,0.0128180907336821,1.230509111403344,0.9909145972138098,0.19525065963060687,0.18732824427480918,0.5457831325301206
"computers.components.power_supply, computers.components.cpu, computers.components.videocards",computers.components.motherboard,0.014841254931429645,0.0695096749953034,0.012962615066691715,0.8734177215189873,12.565412247690729,1.0,0.011931004259885596,7.350873567537103,0.9342823820736466,0.18157894736842106,0.8639617467485503,0.5299521040027368
computers.components.motherboard,"computers.components.power_supply, computers.components.cpu, computers.components.videocards",0.0695096749953034,0.014841254931429645,0.012962615066691715,0.18648648648648647,12.565412247690727,1.0,0.011931004259885596,1.2109924773268141,0.9891735941034125,0.18157894736842106,0.17423103881913948,0.5299521040027368
"unknown, computers.components.motherboard",computers.components.cpu,0.02216795040390757,0.07157617884651513,0.019913582566222054,0.8983050847457628,12.55033586903332,1.0,0.01832688538345129,9.129500908009271,0.9411849999093761,0.26972010178117045,0.8904649870703552,0.5882601539214378
computers.components.cpu,"unknown, computers.components.motherboard",0.07157617884651513,0.02216795040390757,0.019913582566222054,0.27821522309711283,12.550335869033319,1.0,0.01832688538345129,1.3547418578040407,0.9912723440971877,0.26972010178117045,0.2618519947254432,0.5882601539214378
"computers.components.power_supply, computers.components.videocards, computers.components.motherboard",computers.components.cpu,0.014465526958482059,0.07157617884651513,0.012962615066691715,0.8961038961038961,12.519582779425297,1.0,0.011927227922002317,8.93607927860229,0.9336305922524821,0.1773778920308483,0.8880940993446051,0.5386031291543102
computers.components.cpu,"computers.components.power_supply, computers.components.videocards, computers.components.motherboard",0.07157617884651513,0.014465526958482059,0.012962615066691715,0.1811023622047244,12.519582779425297,1.0,0.011927227922002317,1.2034892122718537,0.9910615311526753,0.1773778920308483,0.16908270568352038,0.5386031291543102
"computers.components.power_supply, computers.components.cpu",computers.components.motherboard,0.0187863986473793,0.0695096749953034,0.01634416682321999,0.87,12.516243243243244,1.0,0.015038330358908447,7.157617884651512,0.9377202074819379,0.227154046997389,0.8602887139107611,0.5525675675675675
computers.components.motherboard,"computers.components.power_supply, computers.components.cpu",0.0695096749953034,0.0187863986473793,0.01634416682321999,0.23513513513513512,12.516243243243242,1.0,0.015038330358908447,1.2828587720864653,0.9888376021962771,0.227154046997389,0.22049096770521237,0.5525675675675675
"computers.components.power_supply, computers.components.motherboard",computers.components.cpu,0.0187863986473793,0.07157617884651513,0.01634416682321999,0.87,12.154881889763779,1.0,0.014999508193753239,7.141721701180653,0.9352994381614478,0.22081218274111672,0.8599777418049372,0.5491732283464567
computers.components.cpu,"computers.components.power_supply, computers.components.motherboard",0.07157617884651513,0.0187863986473793,0.01634416682321999,0.22834645669291337,12.154881889763777,1.0,0.014999508193753239,1.2715727282834983,0.9884801629941807,0.22081218274111672,0.2135723126510392,0.5491732283464567
"computers.components.cpu, unknown",computers.components.motherboard,0.023670862295697915,0.0695096749953034,0.019913582566222054,0.8412698412698413,12.102917202917203,1.0,0.01826822862118951,5.862089047529589,0.9396168326429253,0.2717948717948718,0.8294123490973885,0.5638781638781638
computers.components.motherboard,"computers.components.cpu, unknown",0.0695096749953034,0.023670862295697915,0.019913582566222054,0.28648648648648645,12.102917202917201,1.0,0.01826822862118951,1.368340079358302,0.9859052451534994,0.2717948717948718,0.2691875250274326,0.5638781638781638
"computers.components.videocards, computers.components.motherboard",computers.components.cpu,0.02329513432275033,0.07157617884651513,0.019913582566222054,0.8548387096774194,11.943061552789771,1.0,0.018246205865683283,6.395808545724008,0.9381230788213989,0.2656641604010025,0.8436476025117166,0.5665269663872661
computers.components.cpu,"computers.components.videocards, computers.components.motherboard",0.07157617884651513,0.02329513432275033,0.019913582566222054,0.27821522309711283,11.943061552789771,1.0,0.018246205865683283,1.3531801957201168,0.9869085161457816,0.2656641604010025,0.2610001216668459,0.5665269663872661
"computers.components.power_supply, computers.components.videocards",computers.components.motherboard,0.019537854593274468,0.0695096749953034,0.014465526958482059,0.7403846153846154,10.651533264033263,1.0,0.013107457035598055,3.584110881499573,0.9241731634910405,0.1939546599496222,0.7209907748217864,0.47424636174636176
computers.components.motherboard,"computers.components.power_supply, computers.components.videocards",0.0695096749953034,0.019537854593274468,0.014465526958482059,0.2081081081081081,10.651533264033263,1.0,0.013107457035598055,1.2381262587047386,0.9738057218372179,0.1939546599496222,0.1923279286184057,0.47424636174636176
"computers.components.power_supply, computers.components.videocards",computers.components.cpu,0.019537854593274468,0.07157617884651513,0.014841254931429645,0.7596153846153847,10.61268423177872,1.0,0.013442809956784225,3.8622430959984984,0.9238226441362015,0.19458128078817732,0.741083102449958,0.48348223299010706
computers.components.cpu,"computers.components.power_supply, computers.components.videocards",0.07157617884651513,0.019537854593274468,0.014841254931429645,0.20734908136482938,10.61268423177872,1.0,0.013442809956784225,1.2369406536422596,0.9756030715796915,0.19458128078817732,0.19155377660566905,0.48348223299010706
"computers.components.cpu, computers.components.videocards",computers.components.motherboard,0.02705241405222619,0.0695096749953034,0.019913582566222054,0.736111111111111,10.590052552552551,1.0,0.018033178057613432,3.5260686000177968,0.9307508188001615,0.2598039215686274,0.7163980303744083,0.5112987987987987
computers.components.motherboard,"computers.components.cpu, computers.components.videocards",0.0695096749953034,0.02705241405222619,0.019913582566222054,0.28648648648648645,10.590052552552551,1.0,0.018033178057613432,1.3636007833358952,0.9732199657916489,0.2598039215686274,0.2666475318724787,0.5112987987987987
"unknown, computers.components.videocards",computers.components.cpu,0.021228630471538605,0.07157617884651513,0.015592710877324816,0.7345132743362832,10.261979420714004,1.0,0.014073246626027389,3.4970630596781267,0.922128436972458,0.2019464720194647,0.7140457627057943,0.4761805216825773
computers.components.cpu,"unknown, computers.components.videocards",0.07157617884651513,0.021228630471538605,0.015592710877324816,0.21784776902887137,10.261979420714002,1.0,0.014073246626027389,1.2513821872159188,0.9721345925994549,0.2019464720194647,0.2008836227525302,0.4761805216825773
"unknown, computers.components.videocards",computers.components.motherboard,0.021228630471538605,0.0695096749953034,0.014653390944955852,0.6902654867256638,9.930495096866778,1.0,0.013177795740283809,3.004154477872307,0.9188050593040995,0.1925925925925926,0.6671276369555236,0.4505381487682373
computers.components.motherboard,"unknown, computers.components.videocards",0.0695096749953034,0.021228630471538605,0.014653390944955852,0.2108108108108108,9.930495096866778,1.0,0.013177795740283809,1.240223995635379,0.9664797817432584,0.1925925925925926,0.19369403952897232,0.4505381487682373
computers.components.cooler,computers.components.cpu,0.01578057486379861,0.07157617884651513,0.0107082472290062,0.6785714285714286,9.480408698912637,1.0,0.00957873398025413,2.888429665810842,0.908861675088657,0.1397058823529412,0.6537911198473724,0.4140888638920135
computers.components.cpu,computers.components.cooler,0.07157617884651513,0.01578057486379861,0.0107082472290062,0.14960629921259844,9.480408698912635,1.0,0.00957873398025413,1.1573691388175702,0.9634816503013909,0.1397058823529412,0.13597143170617704,0.4140888638920135
computers.components.cooler,computers.components.motherboard,0.01578057486379861,0.0695096749953034,0.010332519256058614,0.6547619047619048,9.419723294723294,1.0,0.009235616626036919,2.695213355186018,0.908171233233268,0.13784461152882208,0.62897185928682,0.4017052767052767
computers.components.motherboard,computers.components.cooler,0.0695096749953034,0.01578057486379861,0.010332519256058614,0.14864864864864866,9.419723294723294,1.0,0.009235616626036919,1.1560672612710938,0.9606115669107796,0.13784461152882208,0.134998426561702,0.4017052767052767
computers.components.motherboard,computers.components.power_supply,0.0695096749953034,0.03250046965996618,0.0187863986473793,0.2702702702702703,8.315888142477739,1.0,0.01652730156412033,1.3258326897252315,0.9454673934988896,0.22573363431151244,0.24575701915507744,0.4241524761755976
computers.components.power_supply,computers.components.motherboard,0.03250046965996618,0.0695096749953034,0.0187863986473793,0.5780346820809249,8.315888142477737,1.0,0.01652730156412033,2.2051346058330483,0.9093009708737865,0.22573363431151244,0.5465129442190114,0.4241524761755976
computers.components.power_supply,computers.components.cpu,0.03250046965996618,0.07157617884651513,0.0187863986473793,0.5780346820809249,8.075796883771032,1.0,0.01646013921840182,2.200237274788396,0.9056058252427185,0.22026431718061676,0.5455035638844118,0.42025093684098735
computers.components.cpu,computers.components.power_supply,0.07157617884651513,0.03250046965996618,0.0187863986473793,0.26246719160104987,8.075796883771032,1.0,0.01646013921840182,1.3118054130233199,0.9437211655200324,0.22026431718061676,0.2376918176490075,0.42025093684098735
computers.components.motherboard,computers.components.cpu,0.0695096749953034,0.07157617884651513,0.034942701484125496,0.5027027027027028,7.023324111513089,1.0,0.02996746455509852,1.8669392055803775,0.9216831766996866,0.3292035398230088,0.46436391875485367,0.4954458395403278
computers.components.cpu,computers.components.motherboard,0.07157617884651513,0.0695096749953034,0.034942701484125496,0.4881889763779528,7.023324111513088,1.0,0.02996746455509852,1.8180349427014844,0.9237346770929882,0.3292035398230088,0.4499555665777998,0.4954458395403278
computers.components.hdd,computers.components.cpu,0.02592523013338343,0.07157617884651513,0.010896111215479993,0.4202898550724638,5.871923618243372,1.0,0.009040482306815877,1.6015310914897616,0.8517806670435273,0.12581344902386116,0.3755975108358407,0.28626041310053635
computers.components.cpu,computers.components.hdd,0.07157617884651513,0.02592523013338343,0.010896111215479993,0.15223097112860892,5.871923618243372,1.0,0.009040482306815877,1.1489860288519533,0.8936630430232071,0.12581344902386116,0.12966739813261047,0.28626041310053635
"computers.components.power_supply, computers.components.cpu, computers.components.videocards, computers.components.motherboard",unknown,0.012962615066691715,0.20251737741874884,0.011083975201953785,0.8550724637681159,4.22221774085128,1.0,0.008458820394158618,5.50263009581063,0.7731800791003464,0.054227941176470576,0.8182687219405608,0.45490172353526387
unknown,"computers.components.power_supply, computers.components.cpu, computers.components.videocards, computers.components.motherboard",0.20251737741874884,0.012962615066691715,0.011083975201953785,0.05473098330241186,4.22221774085128,1.0,0.008458820394158618,1.0441867526576116,0.9569583358287915,0.054227941176470576,0.042316905998998545,0.45490172353526387
unknown,"computers.components.power_supply, computers.components.cpu, computers.components.motherboard",0.20251737741874884,0.01634416682321999,0.013526207026113094,0.06679035250463822,4.086494786002175,1.0,0.01021622922498006,1.0540566482749194,0.9470946211228898,0.06587374199451052,0.05128438624564348,0.44718827970059494
"computers.components.power_supply, computers.components.cpu, computers.components.motherboard",unknown,0.01634416682321999,0.20251737741874884,0.013526207026113094,0.8275862068965517,4.0864947860021745,1.0,0.01021622922498006,4.625399210971256,0.767841227400051,0.06587374199451052,0.783802445067219,0.44718827970059494
"computers.components.power_supply, computers.components.videocards, computers.components.motherboard",unknown,0.014465526958482059,0.20251737741874884,0.011459703174901371,0.7922077922077922,3.911801556513987,1.0,0.008530182592289375,3.8378851211722718,0.7552889633319375,0.05575868372943327,0.7394398298991939,0.4243970315398887
unknown,"computers.components.power_supply, computers.components.videocards, computers.components.motherboard",0.20251737741874884,0.014465526958482059,0.011459703174901371,0.05658627087198515,3.9118015565139865,1.0,0.008530182592289375,1.0446471602150997,0.9333912606924251,0.05575868372943327,0.042738985865721876,0.4243970315398887
unknown,"computers.components.power_supply, computers.components.cpu, computers.components.videocards",0.20251737741874884,0.014841254931429645,0.011647567161375164,0.057513914656771796,3.8752730090885605,1.0,0.00864195513505896,1.045276699984172,0.9303696948972228,0.05662100456621004,0.04331551634591843,0.4211620206195251
"computers.components.power_supply, computers.components.cpu, computers.components.videocards",unknown,0.014841254931429645,0.20251737741874884,0.011647567161375164,0.7848101265822784,3.87527300908856,1.0,0.00864195513505896,3.705948657877578,0.7531310745306464,0.05662100456621004,0.730163558020605,0.4211620206195251
"computers.components.power_supply, computers.components.cpu",unknown,0.0187863986473793,0.20251737741874884,0.014465526958482059,0.7699999999999999,3.8021428571428566,1.0,0.010660954773271673,3.4673157503532646,0.7511008998659774,0.06993642143505903,0.71159246171967,0.42071428571428565
unknown,"computers.components.power_supply, computers.components.cpu",0.20251737741874884,0.0187863986473793,0.014465526958482059,0.07142857142857142,3.8021428571428566,1.0,0.010660954773271673,1.0566915706874376,0.92414605418139,0.06993642143505903,0.05365006427614124,0.42071428571428565
"computers.components.power_supply, computers.components.motherboard",unknown,0.0187863986473793,0.20251737741874884,0.014089798985534472,0.7499999999999999,3.7033858998144704,1.0,0.010285226800324086,3.189930490325003,0.743953028272385,0.06799637352674523,0.6865135453474674,0.409786641929499
unknown,"computers.components.power_supply, computers.components.motherboard",0.20251737741874884,0.0187863986473793,0.014089798985534472,0.06957328385899814,3.7033858998144704,1.0,0.010285226800324086,1.0545845087319294,0.9153513937966234,0.06799637352674523,0.0517592552137559,0.409786641929499
"computers.components.cpu, computers.components.videocards, computers.components.motherboard",unknown,0.019913582566222054,0.20251737741874884,0.013901934999060681,0.6981132075471699,3.447176812405923,1.0,0.00986908848273767,2.641661187300395,0.7243315771205362,0.06666666666666667,0.6214503189101497,0.3833794238106907
unknown,"computers.components.cpu, computers.components.videocards, computers.components.motherboard",0.20251737741874884,0.019913582566222054,0.013901934999060681,0.0686456400742115,3.447176812405923,1.0,0.00986908848273767,1.0523238625434388,0.8901855919523763,0.06666666666666667,0.049722204737402305,0.3833794238106907
computers.components.cooler,unknown,0.01578057486379861,0.20251737741874884,0.0107082472290062,0.6785714285714286,3.3506824807845215,1.0,0.007512406593429476,2.4810570480305594,0.7128017600787615,0.05158371040723982,0.5969459868753155,0.3657235621521336
unknown,computers.components.cooler,0.20251737741874884,0.01578057486379861,0.0107082472290062,0.05287569573283859,3.3506824807845215,1.0,0.007512406593429476,1.0391660531800442,0.8797098753952018,0.05158371040723982,0.0376898889837564,0.3657235621521336
"computers.components.power_supply, computers.components.cpu, unknown, computers.components.motherboard",computers.components.videocards,0.013526207026113094,0.24741687018598535,0.011083975201953785,0.8194444444444444,3.311999071964903,1.0,0.007737363394065198,4.168152718969926,0.70763922287603,0.0443609022556391,0.7600855660953014,0.4321216147810681
computers.components.videocards,"computers.components.power_supply, computers.components.cpu, unknown, computers.components.motherboard",0.24741687018598535,0.013526207026113094,0.011083975201953785,0.04479878511769172,3.311999071964903,1.0,0.007737363394065198,1.0327392570322806,0.9275620467603679,0.0443609022556391,0.03170137748647362,0.4321216147810681
"computers.components.power_supply, unknown, computers.components.motherboard",computers.components.videocards,0.014089798985534472,0.24741687018598535,0.011459703174901371,0.8133333333333334,3.287299417868894,1.0,0.00797364920835076,4.0316953382893645,0.7057427029188323,0.04583020285499624,0.7519653852554502,0.4298253606681853
computers.components.videocards,"computers.components.power_supply, unknown, computers.components.motherboard",0.24741687018598535,0.014089798985534472,0.011459703174901371,0.0463173880030372,3.287299417868894,1.0,0.00797364920835076,1.0337927824331619,0.9245476048222747,0.04583020285499624,0.032688158601403776,0.4298253606681853
"computers.components.power_supply, computers.components.cpu, unknown",computers.components.videocards,0.014465526958482059,0.24741687018598535,0.011647567161375164,0.8051948051948052,3.2544054275261565,1.0,0.008068551755716538,3.8632600663786096,0.7028919115024658,0.04654654654654654,0.7411512601228029,0.4261357473202576
computers.components.videocards,"computers.components.power_supply, computers.components.cpu, unknown",0.24741687018598535,0.014465526958482059,0.011647567161375164,0.047076689445709946,3.2544054275261565,1.0,0.008068551755716538,1.034222231869067,0.9204620488621907,0.04654654654654654,0.03308982423170302,0.4261357473202576
"computers.components.power_supply, computers.components.cpu, computers.components.motherboard",computers.components.videocards,0.01634416682321999,0.24741687018598535,0.012962615066691715,0.793103448275862,3.2055350456890004,1.0,0.008918792465493007,3.637485127434403,0.6994718836151061,0.051685393258426963,0.7250847866131835,0.42274762391014054
computers.components.videocards,"computers.components.power_supply, computers.components.cpu, computers.components.motherboard",0.24741687018598535,0.01634416682321999,0.012962615066691715,0.05239179954441913,3.2055350456890004,1.0,0.008918792465493007,1.0380406508764577,0.9142373396427099,0.051685393258426963,0.0366465907133199,0.42274762391014054
"computers.components.power_supply, computers.components.cpu",computers.components.videocards,0.0187863986473793,0.24741687018598535,0.014841254931429645,0.7899999999999999,3.1929916476841305,1.0,0.01019318297602883,3.5837291895905445,0.6999638890302629,0.059043348281016435,0.7209610584123813,0.4249924069855732
computers.components.videocards,"computers.components.power_supply, computers.components.cpu",0.24741687018598535,0.0187863986473793,0.014841254931429645,0.05998481397114654,3.1929916476841305,1.0,0.01019318297602883,1.0438273933613904,0.9126089346992169,0.059043348281016435,0.041987203670000584,0.4249924069855732
"computers.components.power_supply, unknown",computers.components.videocards,0.015592710877324816,0.24741687018598535,0.012211159120796544,0.783132530120482,3.165234971777772,1.0,0.008353259397813869,3.4702444319201797,0.6949031121550207,0.04868913857677903,0.7118358606668311,0.4162435619471051
computers.components.videocards,"computers.components.power_supply, unknown",0.24741687018598535,0.015592710877324816,0.012211159120796544,0.049354593773728174,3.165234971777772,1.0,0.008353259397813869,1.0355146963055617,0.9089596374668767,0.04868913857677903,0.03429666081251052,0.4162435619471051
computers.components.videocards,"computers.components.power_supply, computers.components.motherboard",0.24741687018598535,0.0187863986473793,0.014465526958482059,0.058466211085801065,3.1121564160971906,1.0,0.009817455003081243,1.0421438007914527,0.9017998975562629,0.05746268656716418,0.04043952548529946,0.4142331055429005
"computers.components.power_supply, computers.components.motherboard",computers.components.videocards,0.0187863986473793,0.24741687018598535,0.014465526958482059,0.7699999999999999,3.11215641609719,1.0,0.009817455003081243,3.272100564408758,0.6916734423914205,0.05746268656716418,0.6943859211183224,0.4142331055429005
"computers.components.videocards, computers.components.motherboard",unknown,0.02329513432275033,0.20251737741874884,0.014653390944955852,0.6290322580645161,3.106065593392782,1.0,0.009935721435294973,2.1497357652190248,0.6942212752945586,0.0693950177935943,0.5348265511607584,0.3506942366389371
unknown,"computers.components.videocards, computers.components.motherboard",0.20251737741874884,0.02329513432275033,0.014653390944955852,0.07235621521335807,3.106065593392782,1.0,0.009935721435294973,1.0528878452000752,0.8502370813324877,0.0693950177935943,0.05023122400090498,0.3506942366389371
"computers.components.power_supply, computers.components.videocards",unknown,0.019537854593274468,0.20251737741874884,0.012211159120796544,0.6250000000000001,3.0861549165120596,1.0,0.008254404048177743,2.126620326883337,0.689442421919908,0.05819158460161145,0.5297703180212016,0.3426484230055659
unknown,"computers.components.power_supply, computers.components.videocards",0.20251737741874884,0.019537854593274468,0.012211159120796544,0.06029684601113172,3.086154916512059,1.0,0.008254404048177743,1.0433743265038995,0.8476325088339224,0.05819158460161145,0.04157120354804641,0.3426484230055659
unknown,"computers.components.cpu, computers.components.videocards",0.20251737741874884,0.02705241405222619,0.015592710877324816,0.07699443413729128,2.846120645227788,1.0,0.01011412693062186,1.0541080378409047,0.8133651212624349,0.07287093942054432,0.05133063775107191,0.32669166151309004
"computers.components.cpu, computers.components.videocards",unknown,0.02705241405222619,0.20251737741874884,0.015592710877324816,0.5763888888888888,2.8461206452277876,1.0,0.01011412693062186,1.8825819287163958,0.6666798493452473,0.07287093942054432,0.46881461850543116,0.32669166151309004
computers.components.videocards,"computers.components.cpu, unknown, computers.components.motherboard",0.24741687018598535,0.019913582566222054,0.013901934999060681,0.056188306757782844,2.82160714029885,1.0,0.008974978726335818,1.0384342813839789,0.8578348693176452,0.05485544848035582,0.03701176094914282,0.37715075715247637
"computers.components.cpu, unknown, computers.components.motherboard",computers.components.videocards,0.019913582566222054,0.24741687018598535,0.013901934999060681,0.6981132075471699,2.8216071402988496,1.0,0.008974978726335818,2.492931617508924,0.6587093131083931,0.05485544848035582,0.5988658521651485,0.37715075715247637
"computers.components.cpu, computers.components.motherboard",unknown,0.034942701484125496,0.20251737741874884,0.019913582566222054,0.5698924731182795,2.8140423324755117,1.0,0.012837078301730736,1.8541470975014087,0.6679803570838276,0.09153713298791018,0.4606684651139227,0.3341113571528318
unknown,"computers.components.cpu, computers.components.motherboard",0.20251737741874884,0.034942701484125496,0.019913582566222054,0.09833024118738404,2.8140423324755117,1.0,0.012837078301730736,1.0703001726338608,0.8083427784074493,0.09153713298791018,0.06568266962048767,0.3341113571528318
"unknown, computers.components.motherboard",computers.components.videocards,0.02216795040390757,0.24741687018598535,0.014653390944955852,0.6610169491525424,2.671672908381916,1.0,0.00916866603758289,2.220120232951343,0.6398876819626099,0.05747973470891672,0.549573944168493,0.36012123084050807
computers.components.videocards,"unknown, computers.components.motherboard",0.24741687018598535,0.02216795040390757,0.014653390944955852,0.0592255125284738,2.671672908381916,1.0,0.00916866603758289,1.0393904837111005,0.8314067360497716,0.05747973470891672,0.03789767592489262,0.36012123084050807
"computers.components.cpu, unknown",computers.components.videocards,0.023670862295697915,0.24741687018598535,0.015592710877324816,0.6587301587301587,2.662430246712707,1.0,0.00973614021351979,2.2052435896875777,0.6395418116568641,0.06102941176470588,0.5465353556966138,0.3608760892359981
computers.components.videocards,"computers.components.cpu, unknown",0.24741687018598535,0.023670862295697915,0.015592710877324816,0.0630220197418375,2.662430246712707,1.0,0.00973614021351979,1.0419979532873305,0.8296801785273895,0.06102941176470588,0.04030521667996942,0.3608760892359981
computers.components.cooler,computers.components.videocards,0.01578057486379861,0.24741687018598535,0.01014465526958482,0.6428571428571428,2.598275301008786,1.0,0.006240274827048136,2.1072327634792405,0.6249920468282751,0.040089086859688185,0.5254439768918051,0.3419297103807354
computers.components.videocards,computers.components.cooler,0.24741687018598535,0.01578057486379861,0.01014465526958482,0.04100227790432802,2.598275301008786,1.0,0.006240274827048136,1.026300065640837,0.8173572973872524,0.040089086859688185,0.025626097592047724,0.3419297103807354
computers.components.power_supply,computers.components.videocards,0.03250046965996618,0.24741687018598535,0.019537854593274468,0.6011560693641619,2.42972950434733,1.0,0.011496690110431059,1.886911325475718,0.6081982823002241,0.07503607503607503,0.47003338922252463,0.3400617097010635
computers.components.videocards,computers.components.power_supply,0.24741687018598535,0.03250046965996618,0.019537854593274468,0.07896735003796507,2.4297295043473297,1.0,0.011496690110431059,1.0504508503362113,0.7818824647643918,0.07503607503607503,0.04802780665089089,0.3400617097010635
unknown,computers.components.power_supply,0.20251737741874884,0.03250046965996618,0.015592710877324816,0.07699443413729128,2.36902527695261,1.0,0.009010800996910848,1.048205521313122,0.7246370641576908,0.07106164383561642,0.0459886160995731,0.27838161013222945
computers.components.power_supply,unknown,0.03250046965996618,0.20251737741874884,0.015592710877324816,0.4797687861271676,2.3690252769526094,1.0,0.009010800996910848,1.5329388189617381,0.5972979295824072,0.07106164383561642,0.34765824465368983,0.27838161013222945
"computers.components.cpu, computers.components.motherboard",computers.components.videocards,0.034942701484125496,0.24741687018598535,0.019913582566222054,0.5698924731182795,2.3033695022085054,1.0,0.011268168729176539,1.7497557768175838,0.5863417823338635,0.07587687902648532,0.4284916710955072,0.325189213020795
computers.components.videocards,"computers.components.cpu, computers.components.motherboard",0.24741687018598535,0.034942701484125496,0.019913582566222054,0.08048595292331055,2.3033695022085054,1.0,0.011268168729176539,1.0495296962389815,0.7518816115449467,0.07587687902648532,0.047192277089893334,0.325189213020795
computers.components.hdd,unknown,0.02592523013338343,0.20251737741874884,0.011271839188427578,0.43478260869565216,2.1468903767040413,1.0,0.006021529572837246,1.410930793797598,0.5484281581485053,0.05190311418685121,0.29124801556818763,0.24522061789142532
unknown,computers.components.hdd,0.20251737741874884,0.02592523013338343,0.011271839188427578,0.05565862708719851,2.146890376704041,1.0,0.006021529572837246,1.0314858564992266,0.6698704358068315,0.05190311418685121,0.03052475833850678,0.24522061789142532
unknown,computers.components.cpu,0.20251737741874884,0.07157617884651513,0.023670862295697915,0.11688311688311688,1.6329890581859086,1.0,0.009175442270046344,1.0513034445414462,0.48606203376521384,0.09452363090772692,0.0487998444291443,0.22379588915021983
computers.components.cpu,unknown,0.07157617884651513,0.20251737741874884,0.023670862295697915,0.3307086614173228,1.6329890581859083,1.0,0.009175442270046344,1.1915328596213988,0.4175097801160123,0.09452363090772692,0.16074492455227543,0.22379588915021983
computers.components.videocards,computers.components.hdd,0.24741687018598535,0.02592523013338343,0.010332519256058614,0.04176157934700076,1.610847006261486,1.0,0.00391817995760549,1.0165265229115166,0.5038760041755548,0.039285714285714285,0.016257837389408884,0.22015615199234095
computers.components.hdd,computers.components.videocards,0.02592523013338343,0.24741687018598535,0.010332519256058614,0.39855072463768115,1.6108470062614857,1.0,0.00391817995760549,1.2512827941486027,0.3893013062154817,0.039285714285714285,0.20082014659170663,0.22015615199234095
computers.components.motherboard,unknown,0.0695096749953034,0.20251737741874884,0.02216795040390757,0.3189189189189189,1.5747731033445316,1.0,0.008091033318629141,1.1709070252185036,0.39225328255089353,0.08872180451127819,0.1459612262439117,0.2141904427618713
unknown,computers.components.motherboard,0.20251737741874884,0.0695096749953034,0.02216795040390757,0.10946196660482373,1.5747731033445316,1.0,0.008091033318629141,1.0448630941198573,0.45767503144277405,0.08872180451127819,0.04293681571521839,0.2141904427618713
computers.components.cpu,computers.components.videocards,0.07157617884651513,0.24741687018598535,0.02705241405222619,0.3779527559055118,1.527594927627213,1.0,0.009343259902149084,1.2098488289415172,0.3720027316875758,0.09266409266409266,0.1734504542399,0.24364608182519326
computers.components.videocards,computers.components.cpu,0.24741687018598535,0.07157617884651513,0.02705241405222619,0.10933940774487472,1.527594927627213,1.0,0.009343259902149084,1.0423991240060866,0.45892099350973536,0.09266409266409266,0.040674558362195086,0.24364608182519326
computers.components.motherboard,computers.components.videocards,0.0695096749953034,0.24741687018598535,0.02329513432275033,0.3351351351351351,1.3545363130784542,1.0,0.006097268087767314,1.1319339757365259,0.28129253694404815,0.07933461292386436,0.11655624671101451,0.2146442570132775
computers.components.videocards,computers.components.motherboard,0.24741687018598535,0.0695096749953034,0.02329513432275033,0.09415337889141989,1.3545363130784542,1.0,0.006097268087767314,1.0272051618031732,0.3477888006699627,0.07933461292386436,0.026484642810221698,0.2146442570132775
